t_idx,obstacle,path,alignment,goal,center
0,0,0,0,0,0
1,0,0,0,0,0
2,0,0,0,0,0
3,0,0,0,0,0
4,0,0,0,0,0
5,0,0,0,0,0
6,0,0,0,0,0
7,0,0,0,0,0
8,0,0,0,0,0
9,0,0,0,0,0
10,0,0,0,0,0
11,0,0,0,0,0
12,0,0,0,0,0
13,0,0,0,0,0
14,0,0,0,0,0
15,0,0,0,0,0
16,0,0,0,0,0
17,0,0,0,0,0
18,0,0,0,0,0
19,0,0,0,0,0
20,0,0,0,0,0
21,0,0,0,0,0
22,0,0,0,0,0
23,0,0,0,0,0
24,0,0,0,0,0
25,0,0,0,0,0
26,0,0,0,0,0
27,0,0,0,0,0
28,0,0,0,0,0
29,0,0,0,0,0
30,0,0,0,0,0
31,0,0,0,0,0
32,0,0,0,0,0
33,0,0,0,0,0
34,0,0,0,0,0
35,0,0,0,0,0
36,0,0,0,0,0
37,0,0,0,0,0
38,0,0,0,0,0
39,0,0,0,0,0
40,0,0,0,0,0
41,0,0,0,0,0
42,0,0,0,0,0
43,0,0,0,0,0
44,0,0,0,0,0
45,0,0,0,0,0
46,0,0,0,0,0
47,0,0,0,0,0
48,0,0,0,0,0
49,0,0,0,0,0
50,0,0,0,0,0
51,0,0,0,0,0
52,0,0,0,0,0
53,0,0,0,0,0
54,0,0,0,0,0
55,0,0,0,0,0
56,0,0,0,0,0
57,0,0,0,0,0
58,0,0,0,0,0
59,0,0,0,0,0
60,0,0,0,0,0
61,0,0,0,0,0
62,0,0,0,0,0
63,0,0,0,0,0
64,0,0,0,0,0
65,0,0,0,0,0
66,0,0,0,0,0
67,0,0,0,0,0
68,0,0,0,0,0
69,0,0,0,0,0
70,0,0,0,0,0
71,0,0,0,0,0
72,0,0,0,0,0
73,0,0,0,0,0
74,0,0,0,0,0
75,0,0,0,0,0
76,0,0,0,0,0
77,0,0,0,0,0
78,0,0,0,0,0
79,0,0,0,0,0
80,0,0,0,0,0
81,0,0,0,0,0
82,0,0,0,0,0
83,0,0,0,0,0
84,0,0,0,0,0
85,0,0,0,0,0
86,0,0,0,0,0
87,0,0,0,0,0
88,0,0,0,0,0
89,0,0,0,0,0
90,0,0,0,0,0
91,0,0,0,0,0
92,0,0,0,0,0
93,0,0.014861,0.00727852,0,0
94,0,0,0,0,0
95,0,0,0,0,0
96,0,0,0,0,0
97,0,0.0105,0,0,0
98,0,0,0,0,0
99,0,0.0147968,0.00725571,0,0
100,0,0,0,0,0
101,0,0,0,0,0
102,0,0,0,0,0
103,0,0,0,0,0
104,0,0,0,0,0
105,0,0,0,0,0
106,0,0.0148002,0.00725634,0,0
107,0,0,0,0,0
108,0,0,0,0,0
109,0,0,0,0,0
110,0,0.0120714,0,0,0
111,0,0.0147732,0.00717,0,0
112,0,0,0,0,0
113,0,0.0120676,0,0,0
114,0,0,0,0,0
115,0,0.0148003,0.00725616,0,0
116,0,0.0158836,0.0109974,0,0
117,0,0,0,0,0
118,0,0,0,0,0
119,0,0.0120713,0,0,0
120,0,0.0159345,0.011192,0,0
121,0,0.0121212,0,0,0
122,0,0,0,0,0
123,0,0.0148534,0.0072432,0,0
124,0,0.0120263,0,0,0
125,0,0,0,0,0
126,0,0,0,0,0
127,0,0.0148044,0.00725734,0,0
128,0,0,0,0,0
129,0,0,0,0,0
130,0,0,0,0,0
131,0,0,0,0,0
132,0,0.0120626,0,0,0
133,0,0.0147824,0.00718698,0,0
134,0,0.0120626,0,0,0
135,0,0.0120626,0,0,0
136,0,0,0,0,0
137,0,0,0,0,0
138,0,0,0,0,0
139,0,0,0,0,0
140,0,0.0120668,0,0,0
141,0,0,0,0,0
142,0,0.0120587,0,0,0
143,0,0,0,0,0
144,0,0,0,0,0
145,0,0.0120631,0,0,0
146,0,0.0120631,0,0,0
147,0,0,0,0,0
148,0,0.0120668,0,0,0
149,0,0.0121103,0,0,0
150,0,0,0,0,0
151,0,0.0120641,0,0,0
152,0,0,0,0,0
153,0,0.0266365,0.0472716,0,0
154,0,0,0,0,0
155,0,0.0120652,0,0,0
156,0,0,0,0,0
157,0,0,0,0,0
158,0,0,0,0,0
159,0,0,0,0,0
160,0,0.0120651,0,0,0
161,0,0.0121058,0,0,0
162,0,0.0121059,0,0,0
163,0,0.0121025,0,0,0
164,0,0.00944547,0,0,0
165,0,0.0368364,0.0276913,0,0
166,0,0.0807962,0.0341805,7.69828e-07,0.00013671
167,0,0.0297171,0.0218662,0,0
168,0,0.0130914,0.0319939,0,0
169,0,0.0727294,0.0354626,9.21398e-05,0.00072613
170,0,0.00982843,0.00534095,0,0
171,0,0.0213658,0.0305152,0,0
172,0,0.0121132,0.0143093,0,0
173,0,0.0150567,0.0126698,0,0
174,0,0.0406074,0.0611056,0.00162026,0.00266933
175,0,0.0611552,0.104866,0,0
176,0,0.0458002,0.126212,0,0
177,0,0.0335226,0.0901067,0.00609884,0.00993526
178,0,0.0494333,0.113004,0.0149695,0.0241319
179,0,0.0294727,0.113607,0,0
180,0,0.0477622,0.11348,0,0
181,0,0.040231,0.111888,0.0125701,0.0205747
182,0,0.0195293,0.131285,0,0
183,0,0.049963,0.132564,0.0216026,0.0354955
184,0,0.0330606,0.120943,0.0152717,0.0252626
185,0,0.0496745,0.124866,0.0203165,0.0335609
186,0,0.0520548,0.129287,0.0213288,0.0353165
187,0,0.0304189,0.118559,0.0139605,0.0233503
188,0,0.0324065,0.138589,0,0
189,0,0.0097433,0.123955,0.00538603,0.00919847
190,0,0.00878185,0.119299,0.00340019,0.00603695
191,0,0.00839988,0.140576,0.00234328,0.0045172
192,0,0.0238808,0.180052,0,0
193,0,0.0308846,0.149053,0.023323,0.0374001
194,0,0.02863,0.0974148,0.0246766,0.0407503
195,0,0.0556094,0.180891,0.0368606,0.0580279
196,0,0.0209057,0.178645,0,0
197,0,0.0336607,0.189016,0.0284966,0.0451198
198,0,0.035652,0.191498,0.0299543,0.0475506
199,0,0.0453547,0.187162,0.033736,0.0538248
200,0,0.0271943,0.204916,0.0232367,0.0375311
201,0,0.0378096,0.188429,0.0319765,0.051546
202,0,0.0246985,0.191618,0.0155006,0.0261297
203,0,0.0269733,0.191826,0.015405,0.0262829
204,0,0.0328104,0.199465,0.00943517,0.0172013
205,0,0.0512154,0.162551,0.0577588,0.0913028
206,0,0.0300056,0.0966876,0.0215999,0.0372557
207,0,0.0321956,0.171908,0.0197183,0.0336231
208,0,0.0436172,0.162788,0.0440784,0.0714596
209,0,0.0467395,0.151958,0.048467,0.0784616
210,0,0.0381034,0.155984,0.0362613,0.0574786
211,0,0.0451623,0.181086,0.0488929,0.0793422
212,0,0.0488781,0.152743,0.0560816,0.090771
213,0,0.051618,0.157971,0.0593025,0.0956177
214,0,0.0588302,0.168328,0.0727042,0.115388
215,0,0.040627,0.161745,0.0415557,0.0699406
216,0,0.0397067,0.146954,0.0393783,0.0632179
217,0,0.0403113,0.162505,0.0356392,0.057415
218,0,0.0405329,0.200114,0.0350812,0.0563564
219,0,0.0422068,0.172266,0.0403119,0.0674626
220,0,0.043298,0.156479,0.0381817,0.0616518
221,0,0,0,0.00558817,0.0136313
222,0.0909091,0,0,0.0632455,0.104412
223,0,0,0,0,0
224,0,0,0,0.00898679,0.019208
225,0,0,0,0.0633166,0.0643374
226,0,0,0,0.0107357,0.0219667
227,0,0,0,0.0127068,0.0252104
228,0,0,0,0.00974948,0.0205594
229,0,0,0,0.0378377,0.0614173
230,0,0,0,0.0407964,0.0698826
231,0,0,0,0.0432488,0.0750615
232,0,0,0,0.0247216,0.0420456
233,0,0,0,0.0221336,0.0382936
234,0,0,0,0.0847285,0.0928859
235,0,0,0,0.0418222,0.0735792
236,0,0,0,0.0790386,0.0827488
237,0,0,0,0.130468,0.163599
238,0,0,0,0.118247,0.144431
239,0,0,0,0.0457272,0.075795
240,0,0,0,0.144678,0.207099
241,0,0,0,0.118251,0.174078
242,0,0,0,0.129835,0.189371
243,0,0,0,0.111236,0.132744
244,0,0,0,0.12904,0.160726
245,0,0,0,0.129371,0.161147
246,0,0,0,0.0559424,0.0922401
247,0,0,0,0.0967811,0.140083
248,0,0,0,0.118755,0.13885
249,0,0,0,0.139761,0.197722
250,0,0,0,0.180711,0.187336
251,0,0,0,0.151195,0.187094
252,0,0,0,0.155167,0.218923
253,0,0,0,0.177561,0.221795
254,0,0,0,0.266547,0.27869
255,0,0,0,0.207905,0.235483
256,0,0,0,0.211027,0.26384
257,0,0,0,0.319491,0.323835
258,0,0.00510842,0.105467,0.311337,0.364696
259,0,0,0,0.382856,0.375262
260,0,0,0,0.42101,0.363322
261,0.5,0.00734215,0.116409,0.238439,0.318365
262,0.538462,0.00414235,0.0948061,0.280202,0.34727
263,0,0,0,0.487106,0.44116
264,0.0769231,0,0,0.431891,0.436537
265,0.142857,0,0,0.434096,0.435255
266,0,0,0,0.567924,0.536224
267,0,0,0,0.61981,0.560513
268,0,0,0,0.565662,0.51865
269,0,0,0,0.621296,0.495708
270,0.0666667,0,0,0.583755,0.455337
271,0.0666667,0,0,0.566958,0.442168
272,0.0666667,0,0,0.557812,0.437487
273,0,0,0,0.559264,0.478529
274,0,0,0,0.593267,0.470642
275,0,0,0,0.594599,0.468314
276,0.0454545,0,0,0.60149,0.484166
277,0,0,0,0.619016,0.492039
278,0,0,0,0.610996,0.51441
279,0,0,0,0.588704,0.479064
280,0.0869565,0,0,0.602621,0.539581
281,0.0434783,0,0,0.624214,0.580829
282,0,0,0,0.695116,0.592098
283,0,0,0,0.686473,0.590671
284,0,0,0,0.680279,0.586342
285,0,0,0,0.671832,0.582742
286,0,0,0,0.666887,0.578956
287,0,0,0,0.703908,0.766059
288,0,0,0,0.656196,0.572759
289,0,0,0,0.64667,0.5723
290,0,0,0,0.648722,0.566233
291,0,0,0,0.646939,0.568025
292,0,0,0,0.652329,0.56553
293,0,0,0,0.656355,0.566909
294,0,0,0,0.637713,0.561309
295,0,0,0,0.633038,0.559237
296,0,0,0,0.631411,0.55558
297,0,0,0,0,0
298,0,0,0,0,0
299,0,0,0,0,0
300,0,0,0,0,0
301,0,0,0,0,0
302,0,0,0,0,0
303,0,0,0,0,0
304,0.4375,0,0,0.444257,0.349098
305,0.59375,0,0,0.41001,0.323237
306,0.3125,0,0,0.495405,0.477011
307,0.0909091,0,0,0.503637,0.551447
308,0,0,0,0.689014,0.418247
309,0,0,0,0.520661,0.360805
310,0.0909091,0,0,0.474118,0.299914
311,0,0,0,0.467668,0.277416
312,0.4375,0,0,0.365739,0.213059
313,0.55,0,0,0.329522,0.180899
314,0.2,0,0,0.357117,0.239293
315,0,0,0,0.632781,0.430582
316,0,0,0,0.485203,0.487156
317,0.0769231,0,0,0.507228,0.511174
318,0.0909091,0,0,0.54694,0.52426
319,0.153846,0,0,0.648732,0.479532
320,0.105263,0,0,0.586491,0.454663
321,0,0,0,0.585681,0.633191
322,0,0,0,0.597778,0.576944
323,0.208333,0,0,0.609696,0.502831
324,0.172414,0,0,0.609608,0.497659
325,0,0,0,0,0
326,0,0,0,0.815341,0.637465
327,0.116279,0,0,0.857638,0.464769
328,0,0,0,0,0
329,0,0,0,0,0
330,0,0,0,0,0
331,0,0,0,0,0
332,0,0,0,0,0
333,0,0,0,0,0
334,0,0,0,0,0
335,0,0,0,0,0
336,0,0,0,0,0
337,0,0,0,0,0
338,0,0,0,0,0
339,0,0,0,0,0
340,0,0,0,0,0
341,0,0,0,0,0
342,0,0,0,0,0
343,0.0666667,0.000727832,0.153203,0.589133,0.693469
344,0.0666667,0,0.151044,0.600274,0.706011
345,0,0.00249293,0.166041,0.542324,0.657744
346,0,0.00897911,0.185306,0.479233,0.592749
347,0,0.00461854,0.165295,0.515644,0.614656
348,0,0.000955339,0.165731,0.529917,0.633078
349,0,0.0113307,0.177442,0.443043,0.534998
350,0,0.0104178,0.175852,0.442206,0.530812
351,0,0.0244614,0.180405,0.367347,0.440652
352,0,0.0206038,0.135967,0.397964,0.456441
353,0,0.0300926,0.129224,0.364921,0.41286
354,0,0.0262523,0.116249,0.376324,0.423307
355,0,0.0151483,0.113303,0.407944,0.461971
356,0,0.0273795,0.119741,0.349085,0.39965
357,0,0.0280332,0.106059,0.345655,0.392045
358,0,0.037326,0.0726341,0.36909,0.393153
359,0,0.0342799,0.0575522,0.428194,0.452635
360,0,0.0399047,0.0618428,0.408122,0.427683
361,0,0.0404504,0.061582,0.417049,0.439391
362,0,0.0326253,0.0556453,0.444461,0.469677
363,0,0.0376035,0.059332,0.426283,0.450798
364,0,0.0688559,0.0851277,0.314299,0.327789
365,0,0.0478011,0.0684312,0.342051,0.389406
366,0,0.0474286,0.0636865,0.365013,0.413145
367,0,0.043396,0.0605183,0.364645,0.412723
368,0,0.0500469,0.0759766,0.31425,0.357861
369,0,0.0320495,0.0718184,0.21151,0.242244
370,0,0.0346554,0.0669468,0.279964,0.323583
371,0,0.0342361,0.0678237,0.275196,0.317832
372,0,0.0248925,0.0478416,0.363874,0.42649
373,0,0.0118372,0.0416321,0.324563,0.379606
374,0,0.0135623,0.0444528,0.324123,0.379479
375,0,0.0186738,0.0479986,0.337986,0.399936
376,0,0.0182881,0.0720274,0.207647,0.245028
377,0,0.0146934,0.0504605,0.310869,0.364288
378,0,0.0204567,0.049774,0.352346,0.423799
379,0,0.00316005,0.0468257,0.224746,0.277331
380,0,0.0226215,0.0783602,0.220098,0.266419
381,0,0.00642725,0.0402612,0.320357,0.384676
382,0,0.00643856,0.0421454,0.311791,0.375269
383,0,0.00808649,0.0483444,0.28966,0.345122
384,0,0.009747,0.0512152,0.288818,0.345487
385,0,0.00829789,0.0394113,0.379676,0.442899
386,0,0.0125992,0.0565832,0.29383,0.353683
387,0.242424,0,0,0.0574236,0.0585431
388,0.384615,0,0,0.0834274,0.0956736
389,0.653846,0,0,0.492085,0.553021
390,0.388889,0,0,0.407435,0.453969
391,0.294118,0,0,0.66281,0.74878
392,0.0333333,0,0,0.906812,0.897918
393,0.05,0,0,0.887711,0.859415
394,0,0,0,0.890787,0.89127
395,0,0,0,1,0.8446
396,0.0714286,0,0,0.867664,0.845336
397,0,0,0,0.86572,0.892414
398,0,0,0,0.869236,0.937781
399,0,0,0,1,0.852959
400,0,0,0,1,0.846082
401,0,0,0,1,0.829203
402,0,0,0,1,0.843961
403,0,0,0,1,0.830405
404,0,0,0,1,0.832966
405,0,0,0,1,0.795331
406,0,0,0,0.996728,0.763462
407,0,0,0,0,0
408,0,0,0,0,0
409,0,0,0,0,0
410,0,0,0,0,0
411,0,0,0,0,0
412,0,0,0,0,0
413,0,0,0,0,0
414,0,0,0,0.431885,0.537078
415,0.222222,0,0,0.473925,0.576363
416,0.230769,0,0,0.522571,0.607335
417,0,0,0,0,0
418,0.103448,0,0,0.508284,0.586396
419,0.16129,0,0,0.00961959,0.0157875
420,0.136364,0,0,0.504214,0.580544
421,0.136364,0,0,0.504214,0.580544
