t_idx,best_index
0,213
1,213
2,213
3,213
4,213
5,213
6,213
7,213
8,213
9,213
10,213
11,213
12,213
13,213
14,213
15,213
16,213
17,213
18,213
19,213
20,213
21,213
22,213
23,213
24,213
25,213
26,213
27,213
28,213
29,213
30,213
31,213
32,213
33,213
34,213
35,213
36,213
37,213
38,213
39,213
40,213
41,213
42,213
43,213
44,213
45,213
46,213
47,213
48,213
49,213
50,213
51,213
52,213
53,213
54,213
55,213
56,213
57,213
58,213
59,213
60,213
61,213
62,213
63,218
64,218
65,218
66,218
67,218
68,218
69,218
70,218
71,218
72,218
73,218
74,218
75,218
76,218
77,218
78,218
79,218
80,218
81,218
82,218
83,218
84,218
85,218
86,218
87,218
88,218
89,218
90,218
91,218
92,218
93,218
94,218
95,218
96,218
97,218
98,218
99,218
100,218
101,218
102,218
103,218
104,218
105,218
106,218
107,218
108,218
109,218
110,218
111,218
112,218
113,218
114,218
115,218
116,218
117,218
118,218
119,218
120,218
121,218
122,218
123,218
124,218
125,218
126,218
127,218
128,218
129,218
130,218
131,218
132,218
133,218
134,218
135,218
136,218
137,218
138,218
139,218
140,218
141,218
142,218
143,218
144,218
145,218
146,218
147,218
148,218
149,218
150,218
151,218
152,218
153,218
154,218
155,218
156,218
157,218
158,218
159,218
160,218
161,218
162,218
163,217
164,217
165,217
166,218
167,219
168,220
169,220
170,220
171,219
172,218
173,218
174,218
175,218
176,218
177,218
178,218
179,218
180,218
181,218
182,218
183,218
184,218
185,218
186,218
187,218
188,218
189,218
190,218
191,218
192,218
193,218
194,219
195,218
196,218
197,217
198,217
199,217
200,217
201,217
202,216
203,217
204,217
205,217
206,217
207,217
208,217
209,217
210,217
211,217
212,216
213,217
214,216
215,215
216,216
217,216
218,215
219,216
220,216
221,216
222,216
223,215
224,215
225,215
226,215
227,215
228,216
229,215
230,215
231,215
232,216
233,215
234,216
235,216
236,216
237,216
238,216
239,216
240,216
241,216
242,216
243,216
244,218
245,216
246,216
247,216
248,215
249,217
250,216
251,217
252,217
253,216
254,216
255,215
256,215
257,216
258,216
259,214
260,216
261,200
262,199
263,199
264,216
265,216
266,216
267,216
268,216
269,212
270,169
271,199
272,218
273,186
274,185
275,211
276,187
277,197
278,197
279,212
280,197
281,212
282,212
283,211
284,196
285,210
286,195
287,195
288,180
289,165
290,151
291,165
292,136
293,135
294,136
295,108
296,120
297,90
298,90
299,61
300,90
301,90
302,90
303,60
304,75
305,30
306,18
307,1
308,30
309,16
310,1
311,3
312,3
313,3
314,0
315,2
316,3
317,10
318,1
319,1
320,0
321,6
322,6
323,5
324,35
325,20
326,9
327,24
328,5
329,3
330,4
331,10
332,4
333,4
334,3
335,3
336,3
337,3
338,3
339,3
340,3
341,3
342,4
343,3
344,3
345,3
346,3
347,4
348,4
349,4
350,5
351,5
352,5
353,4
354,5
355,5
356,5
357,-1
358,-1
359,-1
360,-1
361,-1
362,-1
363,-1
364,-1
365,-1
366,-1
367,-1
368,2
369,15
370,31
371,36
372,66
373,67
374,135
375,45
376,30
377,30
378,30
379,30
380,105
381,105
382,105
383,110
384,114
385,151
386,108
387,135
388,150
389,151
390,124
391,138
392,125
393,111
394,139
395,154
396,114
397,141
398,127
399,-1
400,-1
401,83
402,59
403,59
404,-1
405,-1
406,-1
407,-1
408,-1
409,-1
410,-1
411,-1
412,-1
413,-1
414,-1
415,-1
416,-1
417,-1
418,-1
419,-1
420,-1
421,-1
422,-1
423,-1
424,-1
425,212
426,213
427,213
428,213
429,219
430,221
431,222
432,221
433,221
434,222
435,223
436,223
437,223
438,224
439,222
440,221
441,220
442,221
443,220
444,220
445,224
446,222
447,222
448,221
449,220
450,221
451,220
452,220
453,220
454,222
455,221
456,221
457,220
458,220
459,219
460,219
461,220
462,220
463,220
464,219
465,220
466,220
467,219
468,219
469,219
470,219
471,218
472,219
473,218
474,219
475,219
476,219
477,218
478,219
479,219
480,219
481,219
482,219
483,219
484,219
485,219
486,219
487,218
488,218
489,217
490,218
491,216
492,217
493,217
494,214
495,150
496,0
497,196
498,117
499,147
500,0
501,0
502,0
503,0
504,15
505,5
506,5
507,5
508,6
509,6
510,6
511,5
512,5
513,5
514,5
515,5
516,5
517,5
518,5
519,9
520,10
521,10
522,-1
523,-1
524,-1
525,-1
526,-1
527,-1
528,-1
529,-1
530,-1
531,-1
532,220
533,220
534,219
535,219
536,220
537,-1
538,-1
539,211
540,211
541,210
542,217
543,216
544,216
545,-1
546,-1
547,-1
548,-1
549,-1
550,0
551,0
552,0
553,0
554,0
555,0
556,0
557,0
558,0
559,0
560,0
561,0
562,0
563,0
564,0
565,0
566,0
567,0
568,0
569,60
570,45
571,60
572,60
573,60
574,60
575,75
576,75
577,60
578,60
579,60
580,60
581,75
582,75
583,60
584,60
585,60
586,45
587,15
588,1
589,3
590,2
591,3
592,3
593,5
594,5
595,6
596,8
597,8
598,8
599,8
600,8
601,8
602,8
603,8
604,8
605,9
606,9
607,10
608,10
609,212
610,212
611,213
612,213
613,213
614,213
615,213
616,216
617,216
618,216
619,216
620,217
621,218
622,217
623,224
624,13
625,13
626,13
627,-1
628,-1
629,-1
630,13
631,13
632,13
633,13
634,12
635,13
636,216
637,216
638,-1
639,-1
640,-1
641,-1
642,-1
643,-1
644,-1
645,-1
646,12
647,0
648,15
649,15
650,22
651,35
652,51
653,35
654,-1
655,-1
656,-1
657,-1
658,-1
659,-1
660,-1
661,-1
662,-1
663,5
664,24
665,24
666,75
667,60
668,75
669,75
670,75
